title,url,thumbnail_url,channel,description
To Our Son,https://www.youtube.com/watch?v=jjXZJZ4F8Ak,https://i.ytimg.com/vi/jjXZJZ4F8Ak/hqdefault.jpg?sqp=-oaymwEcCPYBEIoBSFXyq4qpAw4IARUAAIhCGAFwAcABBg==&rs=AOn4CLDv7RAd07Y41PXiw72qwba6LSwcGw,Kylie Jenner,Director Tyler Ross @whitetrashtyler Editor Dylan Coughran @dylan_swg Music Jacob Wilkinson-Smith @mybestfriendjacob_
"EST Gee, 42 Dugg - Free The Shiners (Official Music Video)",https://www.youtube.com/watch?v=t0we9akJ16o,https://i.ytimg.com/vi/t0we9akJ16o/hqdefault.jpg?sqp=-oaymwEcCPYBEIoBSFXyq4qpAw4IARUAAIhCGAFwAcABBg==&rs=AOn4CLBWJeVb2YXeLz9MqXjfmYrPgOXsAA,EST Gee,"Listen to ""Free The Shiners"" out now on all platforms: https://42DuggESTGee.lnk.to/FreeTheShiners Follow EST Gee: https://twitter.com/ESTGEE https://www.instagram.com/est.gee https://www.facebook...."
"Stray Kids ""거미줄"" Video",https://www.youtube.com/watch?v=pM-jOfy_1jM,,Stray Kids,"Stray Kids(스트레이 키즈) ""거미줄"" Video Stray Kids ""ODDINARY"" iTunes & Apple Music: https://apple.co/3IqqKml Spotify: https://spoti.fi/3ijBk40 ✅ Listen to ＜ODDINARY＞ now!..."
"Jnr Choi, Sam Tompkins - TO THE MOON (Official Music Video)",https://www.youtube.com/watch?v=Q_6OZd6FFYg,,JNR CHOI,"Jnr Choi & Sam Tompkins - TO THE MOON (Official Music Video) ""TO THE MOON"" available at: https://Jnr-Choi.lnk.to/TOTHEMOON Follow Jnr Choi: https://www.instagram.com/jnrchoi/ (C) 2022 Jnr..."
"Jorge Masvidal Held Back From Colby Covington After Alleged Fight, Video Shows | TMZ Sports",https://www.youtube.com/watch?v=aFO5LMF7zdc,,TMZSports,"Jorge Masvidal yelled at Colby Covington and needed to be held back by several men following their alleged fight outside of a Miami hotspot on Monday night ... new video, obtained by TMZ Sports,..."
"The March 21 2022 Tornado Outbreak, As It Happened...",https://www.youtube.com/watch?v=yBT1Pbvv4VQ,,"Ryan Hall, Y'all","Tornado outbreak coverage WANT TO BECOME A MEMBER? CLICK HERE: https://www.youtube.com/channel/UCJHAT3Uvv-g3I8H3GhHWV7w/join _____________________________________ If you are watching, PLEASE..."
Barca thrash Real Madrid in 4-0 El Clasico win | LaLiga Highlights | ESPN FC,https://www.youtube.com/watch?v=Lm60wE7P0js,,ESPN FC,Pierre-Emerick Aubameyang scores twice and notches an assist in a comprehensive El Clasico win for Barcelona against Real Madrid.
Being Not Straight,https://www.youtube.com/watch?v=qF1DTK4U1AM,,Jaiden Animations,♥ The Team ♥ Colleen: https://twitter.com/SolarCitrus Claudia: https://twitter.com/HiyFi_ DavidBaronArt: https://twitter.com/DavidBaronArt Dee Helm: https://twitter.com/DeeRedHelm Denny:...
Riding The Fastest Roller Coaster In Disneyland,https://www.youtube.com/watch?v=sR5RpqU1f60,,Tom Simons,"We took on the Craziest Roller Coaster in France, space mountain! This was absolutely insane lmao https://tommyinnit.store merch out on april 9th! Socials: Follow my Twitter - @tomsimons Follow..."
Watch Anne Hathaway Beat Kelly Clarkson To The Buzzer In 'Since U Been Gone' Mic Drop Moment,https://www.youtube.com/watch?v=HZuz2CC4S58,,The Kelly Clarkson Show,"In a heated game of ""Sing That Name That Tune"" hosted by Matt Iseman, Anne Hathaway miraculously beats Kelly to the mic for her song ""Since U Been Gone,"" and Kelly is literally floored. Tune..."
